dataset,created,modified
http://thedatahub.org/dataset/vivo-indiana-university,2010-09-10T09:12:08.034443,2012-05-29T15:56:36.149502
http://thedatahub.org/dataset/rkb-explorer-southampton,2010-08-23T13:46:45.499299,2012-07-04T21:32:57.178162
http://thedatahub.org/dataset/nottingham-trent-university-resource-lists,2010-09-08T23:17:53.656862,2011-07-21T13:39:17.105884
http://thedatahub.org/dataset/data-cnr-it,2011-07-01T14:52:54.003218,2012-12-18T15:53:20.589783
http://thedatahub.org/dataset/bio2rdf-omim,2010-08-30T10:36:55.842633,2013-03-06T04:10:45.505695
http://thedatahub.org/dataset/rkb-explorer-risks,2010-08-23T13:46:42.346052,2012-07-04T21:33:04.937517
http://thedatahub.org/dataset/bio2rdf-kegg-compound,2010-08-29T22:54:04.297772,2012-09-08T06:48:12.417493
http://thedatahub.org/dataset/oceandrilling-codices,2011-06-30T16:18:56.999760,2011-09-13T11:24:41.441089
http://thedatahub.org/dataset/slideshare2rdf,2010-08-03T11:00:52.352199,2011-09-19T05:48:35.218791
http://thedatahub.org/dataset/sweto-dblp,2009-10-27T19:02:14.412332,2013-03-14T19:54:02.287025
http://thedatahub.org/dataset/rkb-explorer-ecs,2010-08-23T13:24:52.397846,2012-07-02T10:43:08.575883
http://thedatahub.org/dataset/museums-in-italy,2011-02-09T17:05:17.118148,2011-09-22T21:05:36.352766
http://thedatahub.org/dataset/ecs,2010-08-31T11:36:10.840632,2011-08-10T13:35:59.971092
http://thedatahub.org/dataset/morelab,2011-11-16T16:34:51.269442,2012-04-30T07:19:45.120580
http://thedatahub.org/dataset/reference-data-gov-uk,2010-09-06T08:58:57.462279,2011-09-29T16:10:28.141361
http://thedatahub.org/dataset/opencorporates,2011-04-09T21:34:53.296729,2011-10-21T17:31:39.610121
http://thedatahub.org/dataset/productontology,2011-03-25T21:35:41.671258,2011-09-06T15:37:57.632030
http://thedatahub.org/dataset/dewey_decimal_classification,2011-07-19T16:26:33.106452,2011-09-19T08:48:08.845945
http://thedatahub.org/dataset/geospecies,2009-10-27T19:01:49.521747,2011-09-05T11:21:23.302103
http://thedatahub.org/dataset/opencalais,2010-04-26T22:38:07.348939,2011-10-21T16:42:16.168368
http://thedatahub.org/dataset/rkb-explorer-dotac,2010-08-23T13:24:45.319114,2012-07-04T21:05:31.223155
http://thedatahub.org/dataset/esd-standards,2010-09-06T15:38:28.291551,2012-07-04T11:40:43.900189
http://thedatahub.org/dataset/linked-crunchbase,2011-04-17T23:43:34.556721,2011-09-06T15:30:28.283327
http://thedatahub.org/dataset/linkedct,2009-10-27T19:01:59.189894,2012-08-03T21:58:33.428639
http://thedatahub.org/dataset/oceandrilling-janusamp,2011-07-05T18:40:21.834833,2011-09-18T08:58:50.929166
http://thedatahub.org/dataset/rkb-explorer-laas,2010-08-23T13:45:28.140568,2012-07-04T21:31:24.824110
http://thedatahub.org/dataset/b3kat,2011-12-14T20:21:19.669995,2013-01-10T17:09:38.619858
http://thedatahub.org/dataset/calames,2011-07-13T22:10:57.536767,2011-09-13T11:20:30.783765
http://thedatahub.org/dataset/enakting-co2emission,2010-09-11T17:45:44.324051,2011-07-20T21:08:19.929008
http://thedatahub.org/dataset/open-library,2008-10-04T12:22:31,2013-03-20T13:46:47.521490
http://thedatahub.org/dataset/open-election-data-project,2010-03-18T15:08:23.201893,2011-09-07T15:39:22.952699
http://thedatahub.org/dataset/rkb-explorer-curriculum,2010-08-23T13:24:01.379036,2012-07-04T21:29:29.143763
http://thedatahub.org/dataset/rkb-explorer-deepblue,2010-08-23T13:24:23.863793,2012-07-02T10:40:10.789013
http://thedatahub.org/dataset/fu-berlin-sider,2010-08-03T10:57:17.746443,2011-07-23T14:27:38.332194
http://thedatahub.org/dataset/rkb-explorer-acm,2010-08-17T14:02:20.339255,2012-07-04T21:20:53.696114
http://thedatahub.org/dataset/scotland-pupil-numbers-and-exam-results-2008,2011-03-04T10:47:50.596501,2011-09-06T15:37:20.278603
http://thedatahub.org/dataset/rkb-explorer-era,2010-08-23T13:44:54.879317,2012-07-04T21:05:44.655917
http://thedatahub.org/dataset/data-open-ac-uk,2010-09-28T13:41:03.898600,2011-09-04T18:38:31.048699
http://thedatahub.org/dataset/linked-user-feedback,2011-07-13T10:17:57.391461,2011-09-06T15:37:50.575433
http://thedatahub.org/dataset/uniprot-taxonomy,2010-08-30T14:56:30.665984,2012-06-13T10:09:05.899440
http://thedatahub.org/dataset/bio2rdf-cas,2010-08-31T11:44:52.042568,2011-08-10T12:52:05.436954
http://thedatahub.org/dataset/marc-codes,2010-09-08T02:58:35.767514,2012-09-19T17:49:43.012790
http://thedatahub.org/dataset/dbpedia,2007-07-04T17:01:04,2013-01-16T20:13:27.783464
http://thedatahub.org/dataset/dbtropes,2010-09-08T12:33:39.405259,2011-09-04T19:32:25.464970
http://thedatahub.org/dataset/lcsh,2009-01-05T17:57:12.717290,2012-10-26T09:53:54.070814
http://thedatahub.org/dataset/archiveshub-linkeddata,2011-06-23T15:14:33.270150,2012-02-14T12:53:27.945377
http://thedatahub.org/dataset/statistics-data-gov-uk,2010-09-05T14:57:19.843823,2012-07-05T11:02:35.688463
http://thedatahub.org/dataset/los_metar,2010-09-10T07:38:36.501543,2011-09-06T15:36:04.958818
http://thedatahub.org/dataset/thesesfr,2011-07-13T22:24:01.098780,2011-09-13T11:22:26.988461
http://thedatahub.org/dataset/zhishi-me,2011-10-28T19:52:19.148078,2012-09-19T17:50:20.104181
http://thedatahub.org/dataset/opencyc,2009-10-27T19:02:06.792521,2012-08-16T12:03:19.446249
http://thedatahub.org/dataset/datos-bcn-cl,2011-10-25T14:04:07.661247,2011-10-25T16:31:32.979254
http://thedatahub.org/dataset/education-data-gov-uk,2010-09-05T15:09:11.009225,2012-12-18T13:33:29.829234
http://thedatahub.org/dataset/world-bank-linked-data,2012-03-16T02:52:59.384306,2012-10-07T08:47:27.403235
http://thedatahub.org/dataset/taxonconcept,2010-09-02T12:22:17.962026,2012-02-22T03:09:52.609340
http://thedatahub.org/dataset/data-incubator-musicbrainz,2010-08-13T12:53:03.973720,2011-08-15T16:57:27.905942
http://thedatahub.org/dataset/rkb-explorer-budapest,2010-08-18T09:03:00.445884,2012-07-04T21:21:07.583572
http://thedatahub.org/dataset/bio2rdf-homologene,2010-08-29T17:56:24.903734,2012-09-18T03:14:31.139933
http://thedatahub.org/dataset/government-web-integration-for-linked-data,2011-03-03T13:03:03.937681,2012-07-04T11:01:44.887481
http://thedatahub.org/dataset/rkb-explorer-ibm,2010-08-23T13:44:59.084816,2012-07-04T21:30:49.388752
http://thedatahub.org/dataset/fu-berlin-dailymed,2010-08-02T15:39:04.044142,2012-03-14T14:47:33.011628
http://thedatahub.org/dataset/geonames-semantic-web,2010-08-26T14:30:35.228257,2012-04-17T09:15:55.929092
http://thedatahub.org/dataset/temple-ov-thee-lemur-datasets,2010-09-02T20:25:57.346649,2011-08-15T17:01:35.545027
http://thedatahub.org/dataset/zaragoza-turismo,2011-06-30T09:38:28.567793,2011-11-13T20:07:14.300438
http://thedatahub.org/dataset/twc-logd,2010-09-01T10:07:22.564470,2011-11-02T04:08:52.622074
http://thedatahub.org/dataset/bibbase,2010-09-07T05:12:23.192848,2012-01-26T09:53:02.889615
http://thedatahub.org/dataset/data-incubator-metoffice,2011-07-31T21:51:58.894493,2011-09-06T15:27:45.456153
http://thedatahub.org/dataset/data-incubator-moseley,2010-07-28T23:34:19.392709,2011-08-15T16:50:32.619750
http://thedatahub.org/dataset/iserve,2010-09-06T16:20:33.811021,2012-12-07T11:37:36.279798
http://thedatahub.org/dataset/vu-wordnet,2010-09-05T17:14:51.499151,2012-09-19T17:33:16.921398
http://thedatahub.org/dataset/bio2rdf-obo,2010-08-30T10:22:13.190100,2011-09-15T20:06:58.716367
http://thedatahub.org/dataset/dbtune-audioscrobbler,2010-07-29T20:46:58.738453,2011-09-11T21:31:18.295499
http://thedatahub.org/dataset/jamendo-dbtune,2009-10-27T19:01:57.809951,2011-07-19T09:36:38.505967
http://thedatahub.org/dataset/fu-berlin-eures,2011-07-18T15:49:23.191987,2012-08-03T08:38:34.346828
http://thedatahub.org/dataset/rkb-explorer-rae2001,2010-08-23T13:46:40.431056,2012-07-04T21:33:20.425793
http://thedatahub.org/dataset/oxpoints,2011-02-23T15:22:35.825761,2012-12-18T15:51:12.769518
http://thedatahub.org/dataset/rkb-explorer-dblp,2010-08-23T13:24:16.342121,2012-07-04T21:29:40.063007
http://thedatahub.org/dataset/govtrack,2009-03-18T13:51:07.259820,2011-08-15T17:02:26.964744
http://thedatahub.org/dataset/fu-berlin-medicare,2010-09-01T09:38:39.542236,2011-07-20T22:11:54.868226
http://thedatahub.org/dataset/data-incubator-climb,2010-09-17T00:02:49.699024,2011-08-15T16:33:04.493242
http://thedatahub.org/dataset/linkedlccn,2010-09-09T20:30:09.149034,2012-01-26T09:56:47.698890
http://thedatahub.org/dataset/bio2rdf-unists,2010-08-31T15:50:42.338795,2012-09-12T18:10:47.794078
http://thedatahub.org/dataset/renewable_energy_generators,2011-07-15T13:23:45.563393,2011-10-20T10:50:39.786211
http://thedatahub.org/dataset/eumida-linked-data,2011-10-28T07:58:02.867560,2012-08-04T21:12:15.209807
http://thedatahub.org/dataset/rkb-explorer-crime,2011-06-06T11:42:50.182074,2011-09-06T15:30:37.075880
http://thedatahub.org/dataset/lobid-organisations,2010-09-03T11:52:23.177120,2013-03-08T13:05:52.394427
http://thedatahub.org/dataset/patents-data-gov-uk,2010-09-19T20:51:53.999970,2011-09-08T08:34:17.595263
http://thedatahub.org/dataset/hellenic-police,2011-07-12T14:52:18.633786,2012-11-01T21:26:57.986909
http://thedatahub.org/dataset/t4gm-info,2009-10-27T19:02:17.316586,2012-06-13T10:09:16.041014
http://thedatahub.org/dataset/prefix-cc,2011-10-27T15:34:24.881662,2011-10-27T15:51:00.522987
http://thedatahub.org/dataset/rechtspraak,2010-09-06T11:03:10.915617,2013-01-23T19:35:50.847058
http://thedatahub.org/dataset/twarql,2010-09-01T10:10:41.540182,2011-07-24T10:49:24.713047
http://thedatahub.org/dataset/traffic-scotland,2011-01-07T01:27:29.583566,2012-12-11T08:28:38.803553
http://thedatahub.org/dataset/farmers-markets-geographic-data-united-states,2011-11-29T14:11:14.282333,2012-05-19T22:26:43.223053
http://thedatahub.org/dataset/rkb-explorer-courseware,2010-08-23T13:23:47.626867,2012-07-02T10:44:44.472898
http://thedatahub.org/dataset/transport-data-gov-uk,2010-09-06T09:43:24.086965,2011-07-20T10:45:33.044731
http://thedatahub.org/dataset/knoesis-linked-sensor-data,2010-07-28T10:36:56.649366,2012-11-02T23:31:20.567984
http://thedatahub.org/dataset/rdfize-lastfm,2010-09-10T10:49:53.688259,2011-07-20T19:23:20.491221
http://thedatahub.org/dataset/geowordnet,2011-04-06T06:27:56.396513,2011-09-06T15:31:45.724722
http://thedatahub.org/dataset/tcmgenedit_dataset,2009-10-27T19:02:16.706821,2011-07-20T14:18:54.209690
http://thedatahub.org/dataset/sec-rdfabout,2009-10-27T19:02:19.423159,2011-07-20T20:37:26.778643
http://thedatahub.org/dataset/uniprot,2009-10-27T19:02:17.830154,2012-09-26T14:25:15.123232
http://thedatahub.org/dataset/semsol-crunchbase,2010-08-29T15:03:04.604574,2011-07-12T22:24:20.582406
http://thedatahub.org/dataset/data-incubator-nasa,2010-07-29T08:09:30.337864,2011-10-20T10:47:11.575998
http://thedatahub.org/dataset/bio2rdf-goa,2010-08-30T07:06:15.899373,2012-09-14T20:45:06.918452
http://thedatahub.org/dataset/uniprot-unipathway,2010-08-30T15:50:53.276477,2012-06-13T10:10:21.957759
http://thedatahub.org/dataset/clean-energy-data-reegle,2011-02-21T09:53:05.756474,2011-10-21T18:04:00.344487
http://thedatahub.org/dataset/data-gov-ie,2011-08-14T16:50:37.870846,2011-10-13T11:46:00.158026
http://thedatahub.org/dataset/enakting-mortality,2010-09-12T13:37:55.721705,2011-07-20T22:23:20.179558
http://thedatahub.org/dataset/bbc-programmes,2010-09-02T10:26:08.619055,2011-07-20T11:33:34.629166
http://thedatahub.org/dataset/fishes-of-texas,2010-09-08T18:32:46.498754,2011-07-23T14:26:57.111788
http://thedatahub.org/dataset/finnish-municipalities,2011-06-04T08:44:04.567571,2011-09-19T08:40:07.714667
http://thedatahub.org/dataset/talis-openlibrary,2010-09-09T19:19:48.713450,2012-01-26T09:59:35.663786
http://thedatahub.org/dataset/openlylocal,2009-09-21T09:47:49.333821,2011-12-03T04:43:17.577117
http://thedatahub.org/dataset/data-gov,2010-09-09T15:44:09.194768,2011-07-24T20:15:30.634956
http://thedatahub.org/dataset/surge-radio,2010-09-09T21:08:24.971323,2011-07-20T15:37:55.110308
http://thedatahub.org/dataset/uniprot-uniparc,2010-08-30T15:27:23.506760,2012-09-05T05:27:32.051802
http://thedatahub.org/dataset/dcs-sheffield,2010-09-09T22:39:35.375111,2011-07-20T21:00:00.600150
http://thedatahub.org/dataset/bio2rdf-interpro,2010-08-30T09:33:19.530825,2012-09-18T03:22:43.403495
http://thedatahub.org/dataset/enakting-energy,2010-09-11T17:56:30.499101,2011-07-20T16:43:10.301984
http://thedatahub.org/dataset/linked-eurostat,2010-09-06T09:36:58.157932,2012-08-02T12:32:00.898623
http://thedatahub.org/dataset/data-incubator-pokedex,2010-07-29T08:19:48.883278,2011-07-23T14:27:26.099553
http://thedatahub.org/dataset/idreffr,2011-07-05T10:25:14.814460,2011-09-06T15:28:19.293462
http://thedatahub.org/dataset/dbtune-musicbrainz,2010-07-29T21:48:35.646248,2011-07-20T15:43:45.062861
http://thedatahub.org/dataset/normesh,2011-07-12T12:49:11.133728,2012-01-26T09:57:53.477999
http://thedatahub.org/dataset/data-incubator-our-airports,2009-10-27T19:00:05.575505,2011-09-09T10:51:34.176281
http://thedatahub.org/dataset/bio2rdf-genbank,2010-08-31T15:00:57.046103,2013-03-06T04:03:54.849691
http://thedatahub.org/dataset/productdb,2010-07-21T17:02:32.646417,2011-07-20T19:25:55.784117
http://thedatahub.org/dataset/dbtune-myspace,2010-07-29T21:19:06.950497,2011-07-20T22:20:06.816270
http://thedatahub.org/dataset/eutc-productions,2010-09-02T20:07:56.628571,2011-07-20T20:26:12.896070
http://thedatahub.org/dataset/oecd-linked-data,2013-02-15T00:33:20.562612,2013-03-07T13:51:07.701952
http://thedatahub.org/dataset/vivo-university-of-florida,2010-09-10T09:49:10.520641,2012-04-02T14:32:46.765805
http://thedatahub.org/dataset/john-goodwins-family-tree,2010-09-09T22:28:17.230137,2011-07-23T14:27:00.824594
http://thedatahub.org/dataset/nytimes-linked-open-data,2009-12-04T00:35:11.806655,2011-07-20T21:10:43.050214
http://thedatahub.org/dataset/farmbio-chembl,2010-09-02T16:36:47.409599,2012-08-14T04:28:22.114010
http://thedatahub.org/dataset/rkb-explorer-os,2010-08-23T13:46:26.040999,2012-07-04T21:19:26.932492
http://thedatahub.org/dataset/smartlink,2011-05-10T16:41:56.270341,2011-09-29T13:55:55.524587
http://thedatahub.org/dataset/linkedmdb,2009-10-27T19:01:59.761996,2011-07-20T21:24:28.009933
http://thedatahub.org/dataset/hellenic-fire-brigade,2011-07-12T17:35:49.942698,2012-11-05T17:18:30.255150
http://thedatahub.org/dataset/uniprotkb,2010-08-30T15:09:37.576063,2012-09-05T05:27:56.966196
http://thedatahub.org/dataset/scotland-statistical-geography,2011-03-04T09:49:31.018876,2011-09-06T15:31:22.958464
http://thedatahub.org/dataset/fanhubz,2010-09-01T11:04:01.920989,2011-07-20T22:35:30.257366
http://thedatahub.org/dataset/research-data-gov-uk,2010-09-19T21:11:00.809750,2012-07-13T09:41:16.502793
http://thedatahub.org/dataset/revyu,2010-09-09T16:17:38.831997,2011-07-20T20:51:17.513936
http://thedatahub.org/dataset/bio2rdf-pubchem,2010-09-01T08:25:28.468702,2011-08-10T13:34:10.590993
http://thedatahub.org/dataset/data-incubator-discogs,2010-07-28T23:14:19.950659,2011-10-20T10:41:05.559139
http://thedatahub.org/dataset/rkb-explorer-newcastle,2010-08-23T13:45:49.026265,2012-07-04T21:31:34.354899
http://thedatahub.org/dataset/my-family-lineage,2012-02-27T23:11:47.685009,2012-08-25T15:23:27.234144
http://thedatahub.org/dataset/schemapedia,2011-10-27T16:15:40.496133,2011-10-27T16:26:17.577173
http://thedatahub.org/dataset/business-data-gov-uk,2010-09-19T20:46:07.749841,2011-12-05T10:24:46.154980
http://thedatahub.org/dataset/austrian_ski_racers,2010-10-21T14:12:08.120746,2011-09-29T12:04:50.422649
http://thedatahub.org/dataset/yahoo_geoplanet,2011-07-15T13:46:18.924054,2011-10-20T10:43:25.037072
http://thedatahub.org/dataset/uriburner,2010-09-08T18:54:58.940104,2011-08-15T16:59:18.992075
http://thedatahub.org/dataset/dbtune-classical,2010-07-29T23:38:00.972577,2011-07-20T21:01:12.670727
http://thedatahub.org/dataset/rkb-explorer-deploy,2010-08-23T13:24:30.566326,2012-07-04T21:03:56.745823
http://thedatahub.org/dataset/uberblic,2010-09-02T08:56:32.939965,2011-07-20T13:58:54.784372
http://thedatahub.org/dataset/university-sussex-reading-lists,2010-09-08T23:21:16.751745,2011-09-01T20:36:53.408728
http://thedatahub.org/dataset/socialsemweb-thesaurus,2011-07-13T16:32:02.161014,2011-10-11T15:26:35.865117
http://thedatahub.org/dataset/university-plymouth-reading-lists,2010-09-08T23:20:19.444483,2011-08-15T16:48:08.566061
http://thedatahub.org/dataset/bio2rdf-prosite,2010-09-01T09:00:33.953356,2011-07-24T17:42:58.412605
http://thedatahub.org/dataset/fu-berlin-eurostat,2010-08-31T10:15:51.268112,2012-08-02T12:31:45.423556
http://thedatahub.org/dataset/dbtune-artists-last-fm,2010-07-30T17:04:31.892324,2011-07-20T15:27:23.924018
http://thedatahub.org/dataset/bluk-bnb,2011-07-20T09:32:36.692753,2012-09-04T08:33:43.830539
http://thedatahub.org/dataset/fu-berlin-project-gutenberg,2010-09-01T09:53:44.096970,2011-08-10T13:36:44.918408
http://thedatahub.org/dataset/riese,2008-06-17T20:45:45,2011-07-20T19:15:17.780627
http://thedatahub.org/dataset/enipedia,2011-03-25T20:54:45.839757,2012-11-22T10:04:54.941937
http://thedatahub.org/dataset/2000-us-census-rdf,2007-08-28T11:00:50,2011-08-10T12:52:09.200848
http://thedatahub.org/dataset/lotico,2010-07-26T22:06:21.903271,2013-04-07T12:56:14.774920
http://thedatahub.org/dataset/rkb-explorer-jisc,2010-08-23T13:45:08.229109,2012-07-04T21:06:22.257665
http://thedatahub.org/dataset/fu-berlin-dblp,2010-05-23T17:55:44.508587,2013-02-28T08:42:44.975369
http://thedatahub.org/dataset/fu-berlin-stitch,2010-08-03T10:43:27.525137,2011-07-20T20:07:57.401962
http://thedatahub.org/dataset/grrp,2011-02-09T17:03:46.111840,2011-09-05T17:08:25.736953
http://thedatahub.org/dataset/rkb-explorer-citeseer,2010-08-22T20:21:25.958018,2012-07-04T21:21:19.729088
http://thedatahub.org/dataset/oclc-fast,2011-12-16T10:04:18.006649,2011-12-16T14:33:42.378476
http://thedatahub.org/dataset/yago,2009-10-27T19:02:24.056574,2013-01-29T18:52:00.808522
http://thedatahub.org/dataset/enakting-nhs,2010-09-13T08:26:20.616415,2011-07-20T22:27:20.224030
http://thedatahub.org/dataset/event-media,2010-09-08T20:36:21.251795,2012-09-11T21:15:21.180848
http://thedatahub.org/dataset/rkb-explorer-cordis,2010-08-22T21:14:35.036416,2012-08-02T14:12:47.166809
http://thedatahub.org/dataset/uk-postcodes,2010-09-06T08:22:40.710457,2011-07-20T13:58:06.312275
http://thedatahub.org/dataset/linked-open-data-of-ecology,2011-01-27T15:12:01.532613,2011-09-06T15:29:00.476327
http://thedatahub.org/dataset/bbc-wildlife-finder,2010-09-02T10:15:09.382278,2011-07-20T21:06:37.517429
http://thedatahub.org/dataset/rkb-explorer-oai,2010-08-23T13:45:59.564303,2012-07-04T20:52:19.239691
http://thedatahub.org/dataset/rkb-explorer-nsf,2010-08-23T13:45:57.059171,2012-07-04T21:19:06.630070
http://thedatahub.org/dataset/dbpedia-pt,2011-06-28T10:33:02.856725,2012-09-19T17:51:22.761492
http://thedatahub.org/dataset/dbpedia-lite,2010-07-26T22:23:44.478098,2012-06-06T18:51:46.794126
http://thedatahub.org/dataset/osm-semantic-network,2013-02-11T13:13:18.463780,2013-03-21T18:35:44.591371
http://thedatahub.org/dataset/bbc-music,2010-09-09T16:10:41.110751,2011-07-20T11:26:18.649279
http://thedatahub.org/dataset/gesis-thesoz,2010-09-03T08:15:42.049647,2013-03-08T13:04:40.125369
http://thedatahub.org/dataset/transparency-linked-data,2012-10-03T16:37:31.739305,2012-10-08T10:07:56.043124
http://thedatahub.org/dataset/stitch-rameau,2009-10-27T19:02:08.925684,2012-06-06T11:42:27.621638
http://thedatahub.org/dataset/colinda,2012-10-02T22:29:59.947077,2012-10-09T16:28:59.968219
http://thedatahub.org/dataset/national-diet-library-authorities,2011-07-07T04:46:23.734147,2012-03-07T08:48:40.227930
http://thedatahub.org/dataset/enakting-crime,2010-09-11T17:36:10.791619,2011-09-06T15:38:05.000442
http://thedatahub.org/dataset/tags2con-delicious,2010-12-23T23:05:24.540813,2011-09-06T15:41:44.935385
http://thedatahub.org/dataset/lobid-resources,2010-09-03T10:35:23.437015,2013-03-20T08:25:34.217932
http://thedatahub.org/dataset/sears,2011-09-02T11:26:37.877425,2011-10-25T13:53:52.398445
http://thedatahub.org/dataset/manchester-university-reading-lists,2010-09-08T23:19:24.075783,2011-07-21T13:35:52.767711
http://thedatahub.org/dataset/rkb-explorer-resex,2010-08-23T13:46:41.378923,2012-07-04T21:33:13.384808
http://thedatahub.org/dataset/meducator,2011-07-13T10:35:19.850106,2012-11-24T16:16:02.683848
http://thedatahub.org/dataset/libris,2010-08-29T17:25:28.911419,2011-11-11T19:35:00.506743
http://thedatahub.org/dataset/pleiades,2007-11-08T11:55:30,2012-05-21T16:51:28.046943
http://thedatahub.org/dataset/secold,2011-01-28T22:33:38.271815,2011-07-20T20:22:08.682530
http://thedatahub.org/dataset/bible-ontology,2010-12-14T05:05:46.170964,2013-02-16T05:23:08.121663
http://thedatahub.org/dataset/world-factbook-fu-berlin,2010-07-28T00:03:30.033510,2011-08-10T12:51:11.171437
http://thedatahub.org/dataset/uniref,2010-08-30T15:49:50.169396,2012-09-05T05:29:15.927329
http://thedatahub.org/dataset/enakting-population,2010-09-13T08:31:24.222720,2011-07-20T22:27:48.711104
http://thedatahub.org/dataset/rkb-explorer-unlocode,2010-08-23T13:46:47.266794,2012-07-04T21:20:03.313444
http://thedatahub.org/dataset/italian-public-schools-linkedopendata-it,2011-03-01T11:22:23.032274,2012-12-18T16:03:10.096955
http://thedatahub.org/dataset/linked-open-vocabularies-lov,2011-04-11T14:15:03.337840,2012-07-17T15:29:25.095633
http://thedatahub.org/dataset/fao-linked-data,2013-02-15T00:34:09.822442,2013-02-21T12:51:11.590413
http://thedatahub.org/dataset/london-gazette,2008-07-07T12:32:28,2011-08-15T16:50:58.903383
http://thedatahub.org/dataset/ecco-tcp-linked-data,2011-08-24T07:53:29.852481,2011-10-20T10:52:42.366654
http://thedatahub.org/dataset/bricklink,2011-07-15T10:52:37.765387,2011-10-20T10:45:37.656726
http://thedatahub.org/dataset/fu-berlin-drugbank,2010-08-02T14:18:44.547208,2011-07-24T11:51:28.658202
http://thedatahub.org/dataset/fao-geopolitical-ontology,2011-03-03T14:32:11.045810,2012-09-19T17:56:22.224625
http://thedatahub.org/dataset/nvd,2011-05-04T12:20:37.328266,2011-09-08T12:24:28.965793
http://thedatahub.org/dataset/st-andrews-resource-lists,2010-09-08T23:13:49.663027,2011-07-20T20:07:54.404020
http://thedatahub.org/dataset/ontos-news-portal,2010-12-14T13:03:13.086954,2013-03-15T10:11:44.096134
http://thedatahub.org/dataset/agrovoc-skos,2010-09-07T08:57:40.040957,2012-03-07T08:42:16.162101
http://thedatahub.org/dataset/klappstuhlclub,2011-09-09T07:53:14.447832,2011-10-05T15:32:01.037585
http://thedatahub.org/dataset/vivo-cornell-university,2010-09-10T09:24:35.675906,2012-02-13T15:21:44.707183
http://thedatahub.org/dataset/telegraphis,2009-10-27T19:02:15.036638,2011-07-24T11:58:50.068443
http://thedatahub.org/dataset/chronicling-america,2010-09-09T22:20:44.225742,2012-01-26T09:53:50.661565
http://thedatahub.org/dataset/rkb-explorer-kisti,2010-08-23T12:33:27.357266,2012-07-04T21:31:09.848291
http://thedatahub.org/dataset/data-gov-uk-time-intervals,2010-09-06T09:19:50.444811,2011-08-15T16:35:39.912248
http://thedatahub.org/dataset/amsterdam-museum-as-edm-lod,2011-02-17T11:01:28.177354,2013-01-29T12:01:49.831279
http://thedatahub.org/dataset/data-incubator-smcjournals,2011-08-13T14:28:41.890166,2012-01-26T09:54:53.123533
http://thedatahub.org/dataset/bio2rdf-ncbi-gene,2010-08-29T18:44:48.034755,2012-09-08T06:43:42.154386
http://thedatahub.org/dataset/chem2bio2rdf,2010-09-07T19:59:36.350514,2011-07-24T11:53:30.381113
http://thedatahub.org/dataset/loius,2010-09-07T21:15:05.452113,2011-10-21T16:53:22.156874
http://thedatahub.org/dataset/ntnusc,2011-07-14T09:44:46.015352,2011-09-13T11:11:06.113158
http://thedatahub.org/dataset/istat-immigration,2011-06-16T09:19:36.910859,2011-09-05T16:43:05.611490
http://thedatahub.org/dataset/dbtune-magnatune,2009-10-27T19:02:00.593436,2011-07-20T20:55:57.951353
http://thedatahub.org/dataset/southampton-ecs-eprints,2010-09-02T20:24:12.708812,2012-01-26T09:59:00.345024
http://thedatahub.org/dataset/eu-institutions,2011-06-29T11:53:00.549721,2012-08-07T07:34:14.255811
http://thedatahub.org/dataset/uk-legislation-api,2009-09-23T15:41:38.199448,2012-04-30T01:11:58.606301
http://thedatahub.org/dataset/rkb-explorer-ieee,2010-08-23T13:45:00.836912,2012-07-04T21:06:03.759662
http://thedatahub.org/dataset/dbtune-john-peel-sessions,2009-10-27T19:00:06.836614,2011-07-20T21:06:06.627690
http://thedatahub.org/dataset/my-experiment,2010-09-07T17:56:16.979690,2011-09-06T15:29:37.701869
http://thedatahub.org/dataset/the-view-from,2010-09-16T10:19:44.179894,2011-07-24T11:56:18.083518
http://thedatahub.org/dataset/core,2011-07-13T21:44:16.172142,2012-09-03T12:37:11.251419
http://thedatahub.org/dataset/bio2rdf-hgnc,2010-08-30T09:20:35.485776,2013-03-06T04:01:21.369734
http://thedatahub.org/dataset/w3c-wordnet,2010-09-01T10:42:48.420434,2011-08-10T12:52:16.989810
http://thedatahub.org/dataset/linked-edgar,2011-04-14T16:32:42.926701,2011-09-06T15:32:18.620282
http://thedatahub.org/dataset/sztaki-lod,2011-10-12T15:06:21.091482,2011-11-23T07:59:58.030688
http://thedatahub.org/dataset/sudocfr,2011-07-05T10:04:28.721449,2012-11-27T23:46:27.184988
http://thedatahub.org/dataset/rkb-explorer-wiki,2010-08-23T13:46:50.069210,2012-07-04T21:32:43.491288
http://thedatahub.org/dataset/printed-book-auction-catalogues,2010-09-17T01:08:01.637137,2012-09-19T17:44:56.323907
http://thedatahub.org/dataset/lexvo,2009-10-27T19:01:58.369336,2012-09-19T17:38:27.268770
http://thedatahub.org/dataset/rdf-book-mashup,2010-08-25T10:48:37.939173,2011-07-23T14:27:06.941113
http://thedatahub.org/dataset/scholarometer,2011-03-21T23:56:36.438180,2012-05-02T22:03:11.047445
http://thedatahub.org/dataset/libver,2012-09-02T11:36:57.195384,2012-09-26T11:00:26.699483
http://thedatahub.org/dataset/courts-thesaurus,2012-11-26T13:01:23.343924,2013-02-17T12:00:46.052825
http://thedatahub.org/dataset/fu-berlin-cordis,2011-03-25T22:22:58.190830,2012-08-03T08:37:30.536606
http://thedatahub.org/dataset/deutsche-biographie,2011-07-07T11:31:58.265315,2011-11-17T14:52:24.958045
